Title,Link,Snippet,Active
Technology,https://en.wikipedia.org/wiki/Technology,"Technology is the application of conceptual knowledge to achieve practical goals, especially in a reproducible way. The word technology can also mean the ...",Yes
"Technology | Definition, Examples, Types, & Facts",https://www.britannica.com/technology/technology,"Technology, the application of scientific knowledge to the practical aims of human life or, as it is sometimes phrased, to the change and manipulation of the ...",Yes
Technology,https://www.nytimes.com/section/technology,"Technology industry news, commentary and analysis, with reporting on big tech, startups, and internet culture.",Yes
TECHNOLOGY Definition & Meaning,https://www.merriam-webster.com/dictionary/technology,1. a : the practical application of knowledge especially in a particular area : engineering sense 2 medical technology b : a capability given by the practical ...,Yes
"BBC Innovation | Technology, Health, Environment, AI",https://www.bbc.com/innovation,"BBC Innovation brings you the latest in Technology news and coverage from around the world, including health, environment, AI, and more.",Yes
MIT Technology Review,https://www.technologyreview.com/,"Emerging technology news & insights | AI, Climate Change, BioTech, and more.",Yes
Georgia Institute of Technology,https://gatech.edu/node/1,"Explore Georgia Tech, a top public research university developing leaders in technology and improving lives, with diverse programs and global reach.",Yes
"Future technology: News, features and articles",https://www.livescience.com/technology,"From incredible new inventions to the technology of the future, get the latest tech news and features from Live Science.",Yes
/r/Technology,https://www.reddit.com/r/technology/,r/technology: Subreddit dedicated to the news and discussions about the creation and use of technology and its surrounding issues.,No
TECHNOLOGY | definition in the Cambridge English Dictionary,https://dictionary.cambridge.org/us/dictionary/english/technology,"the study and knowledge of the practical, especially industrial, use of scientific discoveries.",No
Defining “Technology” - by Adam Thierer,https://medium.com/@AdamThierer/defining-technology-0c5c95c8360d,"Technology is the effort to organize the world for problem solving so that goods and services can be invented, developed, produced, and used.",Yes
20 Types of Technology: Definitions and Examples,https://www.indeed.com/career-advice/finding-a-job/types-of-technology,Common types of technology · Communication · Electrical · Energy · Manufacturing · Medical · Transportation. Here are the six different ...,No
Technology,https://www.nytimes.com/section/technology,"Technology industry news, commentary and analysis, with reporting on big tech, startups, and internet culture.",Yes
Illinois Institute of Technology: Illinois Tech,https://www.iit.edu/,Illinois Tech offers 50-plus undergraduate majors and special degree programs in STEM-focused disciplines that provide an educational experience to prepare you ...,Yes
"BBC Innovation | Technology, Health, Environment, AI",https://www.bbc.com/innovation,"BBC Innovation brings you the latest in Technology news and coverage from around the world, including health, environment, AI, and more.",Yes
"Future technology: News, features and articles",https://www.livescience.com/technology,"From incredible new inventions to the technology of the future, get the latest tech news and features from Live Science.",Yes
Florida Tech: www.fit.edu,https://www.fit.edu/,"Florida Tech is a tier 1 ranked university with programs in science, engineering, aeronautics, business, humanities, psychology, and communication.",Yes
Tech News | Today's Latest Technology News,https://www.reuters.com/technology/,"Find latest technology news from every corner of the globe at Reuters.com, your online source for breaking international news coverage.",No
Tech News | Today's Latest Technology News,https://www.reuters.com/technology/,"Find latest technology news from every corner of the globe at Reuters.com, your online source for breaking international news coverage.",No
Information Technology and Innovation Foundation - The ...,https://itif.org/,"Reports, articles, commentary, analysis, and events covering the intersection of technological innovation and public policy, including: economic issues ...",Yes
Stevens Institute of Technology,https://www.stevens.edu/,"Stevens Institute of Technology is a premier, private research university situated in Hoboken, New Jersey. Since our founding in 1870, ...",Yes
Technology,https://www.ft.com/technology,"Get the latest technology news from around the industry. Keep up-to-date with the most influential and innovative technology brands, including Apple, ...",Yes
New York Institute of Technology | New York Tech,https://www.nyit.edu/,"At New York Tech, our research explores the impact of AI on these industries, harnessing the power of machine learning, natural language processing, robotics, ...",Yes
Technology in Society | Journal,https://www.sciencedirect.com/journal/technology-in-society,"Technology in Society is an international journal devoted to the global discourse at the intersection of technological change and the social, economic, ...",No
Technology,https://www.npr.org/sections/technology/,"Latest technology news and breakthroughs in technology, science, and industry. Download the NPR Technology podcast and Technology RSS feed.",Yes
Technology Org - Science and technology news,https://www.technology.org/,"News covering physics, space, software, gadgets, robotics, military tech.",No
Technology,https://www.nasa.gov/technology/,NASA technology development supports the nation's innovation economy by creating solutions for space exploration that also generate tangible benefits for life ...,Yes
Oregon Institute of Technology,https://www.oit.edu/,"Oregon Tech offers bachelor and masters degree programs in engineering, health technology, information technology, management, communications, ...",Yes
